belief,tag
AAPL will go up,call spread
AAPL will rally this quarter,call spread
Seeking income from conservative ETFs,covered call
Expecting crypto volatility soon,straddle
Tech sector will outperform,call option
Looking to hedge market downturn,put option
"Short tech hard, it's about to crash",
What’s a stable ETF for retirement?,
"Short tech hard, it's about to crash",
"Short tech hard, it's about to crash",
Slow and steady with dividend stocks,
Go all in on crypto this week,
Bet big if Elon tweets anything about Mars,
Bet big if Elon tweets anything about Mars,
"If gold and bitcoin rise together, what happens?",
"If gold and bitcoin rise together, what happens?",
Slow and steady with dividend stocks,
Diversify into energy and healthcare,
I want to 5x my money fast,
Slow and steady with dividend stocks,
I want to 5x my money fast,
What’s a stable ETF for retirement?,
Bet big if Elon tweets anything about Mars,
"If gold and bitcoin rise together, what happens?",
I want to 5x my money fast,
Slow and steady with dividend stocks,
"If gold and bitcoin rise together, what happens?",
What’s a stable ETF for retirement?,
What if AAPL merges with Netflix next year?,
"Short tech hard, it's about to crash",
Go all in on crypto this week,
Slow and steady with dividend stocks,
Bet big if Elon tweets anything about Mars,
Diversify into energy and healthcare,
Go all in on crypto this week,
Bet big if Elon tweets anything about Mars,
What if AAPL merges with Netflix next year?,
Slow and steady with dividend stocks,
"Short tech hard, it's about to crash",
Go all in on crypto this week,
"If gold and bitcoin rise together, what happens?",
What if AAPL merges with Netflix next year?,
What if AAPL merges with Netflix next year?,
Diversify into energy and healthcare,
Slow and steady with dividend stocks,
What if AAPL merges with Netflix next year?,
Diversify into energy and healthcare,
What’s a stable ETF for retirement?,
Slow and steady with dividend stocks,
"If gold and bitcoin rise together, what happens?",
Go all in on crypto this week,
"Short tech hard, it's about to crash",
What if AAPL merges with Netflix next year?,
Diversify into energy and healthcare,
"Short tech hard, it's about to crash",
Diversify into energy and healthcare,
What if AAPL merges with Netflix next year?,
I want to 5x my money fast,
"Short tech hard, it's about to crash",
Slow and steady with dividend stocks,
"Short tech hard, it's about to crash",
"Short tech hard, it's about to crash",
Bet big if Elon tweets anything about Mars,
I want to 5x my money fast,
Bet big if Elon tweets anything about Mars,
Slow and steady with dividend stocks,
Bet big if Elon tweets anything about Mars,
Diversify into energy and healthcare,
Diversify into energy and healthcare,
"Short tech hard, it's about to crash",
"If gold and bitcoin rise together, what happens?",
I want to 5x my money fast,
What if AAPL merges with Netflix next year?,
"If gold and bitcoin rise together, what happens?",
What if AAPL merges with Netflix next year?,
Diversify into energy and healthcare,
I want to 5x my money fast,
What if AAPL merges with Netflix next year?,
What’s a stable ETF for retirement?,
"I believe the market will go down because stocks sink in broad ai rout sparked by china's deepseek. u.s. stocks were mostly lower, with the nasdaq leading declines as makers of ai infrastructure suffered steep falls, many in the double digits. nvidia was down 16%.",
"I believe the stock market is changing because financial services roundup: market talk. gain insight on experian, sofi technologies and more in the latest market talks covering financial services.",
What if AAPL merges with Netflix next year?,
Bet big if Elon tweets anything about Mars,
"I believe the market will go up because the extra reward for owning stocks over bonds has disappeared. there is little sign of crimped demand for equities among individual investors, who remain bullish after two years of blockbuster gains.",
Go all in on crypto this week,
What’s a stable ETF for retirement?,
I believe the market will go up because trump adds fuel to claims that big banks discriminate against conservatives. the president has told bank of america and jpmorgan chase to stop cutting conservatives off from doing business.,
What’s a stable ETF for retirement?,
I believe the Fed will impact markets because building-products distributor qxo launches hostile bid for beacon. qxo is taking its offer directly to shareholders after being rebuffed on several occasions.,
Slow and steady with dividend stocks,
Bet big if Elon tweets anything about Mars,
Slow and steady with dividend stocks,
I want to 5x my money fast,
I want to 5x my money fast,
I believe the market will go down because natural gas falls on shifting weather forecasts. u.s. natural gas futures fell after weekend updates took some of the chill out of early february weather forecasts.,
I believe the stock market is changing because heard on the street's stock-picking series. check out the stocks heard on the street writers favor in their eighth annual stock-picking contest.,
I believe the stock market is changing because u.s. treasury yields fall but direction for long-end yields still seen upward. the 10-year u.s. treasury yield fell and ing said the the long end of the treasury curve will continue trading at higher yields even as trump hasn’t delivered anything to shock markets so far.,
I believe the Fed will impact markets because building-products distributor qxo launches hostile bid for beacon. qxo is taking its offer directly to shareholders after being rebuffed on several occasions.,
Slow and steady with dividend stocks,
"I believe the market will go up because swiss franc, japanese yen rise as deepseek news boosts safe havens. the yen and swiss franc were stronger against the dollar as investors sought safe havens after chinese start-up deepseek’s new ai model hit u.s. tech stocks.",
I believe the stock market is changing because heard on the street's stock-picking series. check out the stocks heard on the street writers favor in their eighth annual stock-picking contest.,
"I believe the market will go up because the extra reward for owning stocks over bonds has disappeared. there is little sign of crimped demand for equities among individual investors, who remain bullish after two years of blockbuster gains.",
I believe the market will go up because trump adds fuel to claims that big banks discriminate against conservatives. the president has told bank of america and jpmorgan chase to stop cutting conservatives off from doing business.,
I believe the stock market is changing because u.s. treasury yields fall but direction for long-end yields still seen upward. the 10-year u.s. treasury yield fell and ing said the the long end of the treasury curve will continue trading at higher yields even as trump hasn’t delivered anything to shock markets so far.,
What’s a stable ETF for retirement?,
"Short tech hard, it's about to crash",
"I believe the stock market is changing because financial services roundup: market talk. gain insight on experian, sofi technologies and more in the latest market talks covering financial services.",
Diversify into energy and healthcare,
"If gold and bitcoin rise together, what happens?",
I want to 5x my money fast,
I believe the stock market is changing because chinese investors with few options turn to dividends. companies with good payouts are now the hottest bet in china markets.,
"If gold and bitcoin rise together, what happens?",
"Short tech hard, it's about to crash",
Slow and steady with dividend stocks,
I want to 5x my money fast,
I believe the market will go down because natural gas falls on shifting weather forecasts. u.s. natural gas futures fell after weekend updates took some of the chill out of early february weather forecasts.,
What if AAPL merges with Netflix next year?,
"I believe the market will go up because swiss franc, japanese yen rise as deepseek news boosts safe havens. the yen and swiss franc were stronger against the dollar as investors sought safe havens after chinese start-up deepseek’s new ai model hit u.s. tech stocks.",
"If gold and bitcoin rise together, what happens?",
"If gold and bitcoin rise together, what happens?",
"I believe the stock market is changing because financial services roundup: market talk. gain insight on experian, sofi technologies and more in the latest market talks covering financial services.",
"I believe the market will go up because russia's crude exports fairly stable despite u.s. sanctions, goldman says. oil edged lower in early trade as goldman sachs said the latest round of u.s. sanctions against russia haven’t had a significant impact on the country’s oil exports.",
I believe the stock market is changing because u.s. treasury yields fall but direction for long-end yields still seen upward. the 10-year u.s. treasury yield fell and ing said the the long end of the treasury curve will continue trading at higher yields even as trump hasn’t delivered anything to shock markets so far.,
Go all in on crypto this week,
"If gold and bitcoin rise together, what happens?",
What’s a stable ETF for retirement?,
I want to 5x my money fast,
I believe the stock market is changing because heard on the street's stock-picking series. check out the stocks heard on the street writers favor in their eighth annual stock-picking contest.,
"Short tech hard, it's about to crash",
"I believe the market will go down because stocks sink in broad ai rout sparked by china's deepseek. u.s. stocks were mostly lower, with the nasdaq leading declines as makers of ai infrastructure suffered steep falls, many in the double digits. nvidia was down 16%.",
I want to 5x my money fast,
I believe the stock market is changing because chinese investors with few options turn to dividends. companies with good payouts are now the hottest bet in china markets.,
Bet big if Elon tweets anything about Mars,
What if AAPL merges with Netflix next year?,
What if AAPL merges with Netflix next year?,
Go all in on crypto this week,
What’s a stable ETF for retirement?,
What if AAPL merges with Netflix next year?,
"If gold and bitcoin rise together, what happens?",
Bet big if Elon tweets anything about Mars,
I want to 5x my money fast,
I want to 5x my money fast,
What if AAPL merges with Netflix next year?,
"If gold and bitcoin rise together, what happens?",
Bet big if Elon tweets anything about Mars,
Go all in on crypto this week,
What if AAPL merges with Netflix next year?,
Diversify into energy and healthcare,
What if AAPL merges with Netflix next year?,
"If gold and bitcoin rise together, what happens?",
I want to 5x my money fast,
I want to 5x my money fast,
Go all in on crypto this week,
"Short tech hard, it's about to crash",
I want to 5x my money fast,
"Short tech hard, it's about to crash",
I want to 5x my money fast,
"Short tech hard, it's about to crash",
"If gold and bitcoin rise together, what happens?",
Slow and steady with dividend stocks,
"Short tech hard, it's about to crash",
"Short tech hard, it's about to crash",
Diversify into energy and healthcare,
What if AAPL merges with Netflix next year?,
Diversify into energy and healthcare,
"If gold and bitcoin rise together, what happens?",
"If gold and bitcoin rise together, what happens?",
"If gold and bitcoin rise together, what happens?",
"If gold and bitcoin rise together, what happens?",
"Short tech hard, it's about to crash",
"Short tech hard, it's about to crash",
Slow and steady with dividend stocks,
I want to 5x my money fast,
What if AAPL merges with Netflix next year?,
What’s a stable ETF for retirement?,
What’s a stable ETF for retirement?,
Diversify into energy and healthcare,
Go all in on crypto this week,
Diversify into energy and healthcare,
Go all in on crypto this week,
What’s a stable ETF for retirement?,
Bet big if Elon tweets anything about Mars,
What’s a stable ETF for retirement?,
Bet big if Elon tweets anything about Mars,
Slow and steady with dividend stocks,
What if AAPL merges with Netflix next year?,
What if AAPL merges with Netflix next year?,
Slow and steady with dividend stocks,
I want to 5x my money fast,
Slow and steady with dividend stocks,
Diversify into energy and healthcare,
"If gold and bitcoin rise together, what happens?",
"If gold and bitcoin rise together, what happens?",
I want to 5x my money fast,
Go all in on crypto this week,
Bet big if Elon tweets anything about Mars,
Bet big if Elon tweets anything about Mars,
Bet big if Elon tweets anything about Mars,
What’s a stable ETF for retirement?,
Go all in on crypto this week,
What’s a stable ETF for retirement?,
Go all in on crypto this week,
"If gold and bitcoin rise together, what happens?",
Go all in on crypto this week,
"Short tech hard, it's about to crash",
"Short tech hard, it's about to crash",
"If gold and bitcoin rise together, what happens?",
What’s a stable ETF for retirement?,
Slow and steady with dividend stocks,
Slow and steady with dividend stocks,
I want to 5x my money fast,
Bet big if Elon tweets anything about Mars,
I want to 5x my money fast,
What if AAPL merges with Netflix next year?,
I want long-term dividend income from stable companies,buy stock
Crypto will recover in Q3 and BTC will lead,buy crypto
I'm expecting inflation to persist through 2025,buy commodity etf
The market will stay flat this month,hold etf
Tech stocks like MSFT will drive AI growth,buy stock
I want to build a conservative bond ladder for income,bond ladder
I want to 2x my capital in emerging markets,buy etf
I want a defensive play if interest rates rise again,buy defensive etf
I want to bet on Ethereum outperforming Bitcoin,buy crypto
Utilities seem underpriced in the current market,buy stock
The economy might enter a mild recession next quarter,buy bond etf
I want exposure to clean energy growth,buy thematic etf
I think NVDA is overbought short term,sell stock
I want to preserve my capital in this volatile market,buy short-term bonds
I want to hedge my portfolio against downside,buy inverse etf
Banking sector seems poised for a bounce,buy etf
I want stable long-term growth with low risk,buy etf
I'm expecting strong summer travel demand,buy stock
I want consistent monthly income with low volatility,bond ladder
I think oil prices will surge in the second half,buy commodity etf
I believe the market will move soon due to global volatility.,rate_sensitive
I believe the market may react to rising uncertainty.,neutral
