belief,strategy,asset_class,ticker,direction
I believe AAPL will grow steadily over the next year,buy stock,stock,AAPL,neutral
MSFT looks undervalued and could climb higher long term,buy stock,stock,MSFT,bullish
NVDA is a long-term hold with growth potential,buy stock,stock,NVDA,neutral
I'm bullish on Amazon over the next few quarters,buy stock,stock,AAPL,bullish
Tesla is likely to gain 20% this year,buy stock,stock,AAPL,neutral
I want to buy shares that pay reliable dividends,buy stock for income,stock,AAPL,neutral
WMT and KO are good for income-focused investing,buy stock for income,stock,AAPL,neutral
I'm interested in stable dividend stocks,buy stock for income,stock,AAPL,neutral
Looking to earn quarterly dividends from blue chips,buy stock for income,stock,AAPL,neutral
What dividend stocks should I buy for passive income?,buy stock for income,stock,AAPL,neutral
I think NVDA will crash after earnings,long put,options,NVDA,bearish
SPY looks overbought and may pull back soon,long put,options,SPY,neutral
Markets seem too hot — expecting correction,long put,options,AAPL,neutral
Downside risk is high on tech stocks,long put,options,AAPL,neutral
Bearish on QQQ in the short term,long put,options,QQQ,bearish
Expecting a moderate rise in TSLA next month,bull call spread,options,TSLA,bullish
AAPL might beat earnings and go up modestly,bull call spread,options,AAPL,bullish
Looking for a leveraged bullish trade with limited risk,bull call spread,options,AAPL,bullish
"Optimistic on tech, want upside exposure with limits",bull call spread,options,AAPL,neutral
NVIDIA should recover after recent dip,bull call spread,options,AAPL,neutral
Market might chop sideways for a bit,iron condor,options,AAPL,neutral
No strong move expected for SPY — neutral strategy?,iron condor,options,SPY,neutral
I expect low volatility in DIA this week,iron condor,options,AAPL,neutral
QQQ seems stuck in a range,iron condor,options,QQQ,neutral
Trying to profit from lack of movement,iron condor,options,AAPL,neutral
I want steady income from bonds with staggered dates,bond ladder,bond,AAPL,neutral
Looking to build a laddered bond portfolio,bond ladder,bond,AAPL,neutral
I need low-risk yield over time,bond ladder,bond,AAPL,neutral
What's a good fixed-income plan for the next 5 years?,bond ladder,bond,AAPL,neutral
I want to reduce interest rate risk with bonds,bond ladder,bond,AAPL,neutral
Which bond ETFs are best in a recession?,buy bond etf,etf,AAPL,neutral
I'm looking to park money in safe bond funds,buy bond etf,etf,AAPL,neutral
Prefer TLT or IEF for yield right now,buy bond etf,etf,AAPL,neutral
I want a liquid way to buy bonds,buy bond etf,etf,AAPL,neutral
Thinking about rotating into bond ETFs,buy bond etf,etf,AAPL,neutral
I want to gain exposure to gold via ETF,buy commodity etf,etf,AAPL,neutral
What's a good way to play rising oil prices?,buy commodity etf,etf,AAPL,neutral
Commodities may spike due to inflation,buy commodity etf,etf,AAPL,neutral
Looking to hedge inflation with GLD,buy commodity etf,etf,AAPL,neutral
Uranium ETFs like URA look promising,buy commodity etf,etf,AAPL,neutral
I want to hold SPY for passive growth,hold etf,etf,SPY,neutral
QQQ is a long-term hold for me,hold etf,etf,QQQ,neutral
I'm investing in VTI and forgetting about it,hold etf,etf,AAPL,neutral
My plan is to DCA into a total market ETF,hold etf,etf,AAPL,neutral
Just holding S&P index over the next decade,hold etf,etf,AAPL,neutral
"What might happen after this? Robinhood’s Vlad Tenev has led a trading revolution to become a new Wall Street power. Details: Backed by an army of retail traders, Vlad Tenev is shaking up the financial order.","{'type': 'buy stock', 'description': 'Buy SPY shares', 'risk_level': 'low', 'suggested_allocation': '20%', 'explanation': 'Simple long-term position with ownership.'}",stock,AAPL,neutral
I believe Trump administration eyes cuts to student-loan forgiveness for public servants. Summary: The proposed regulatory text from the Education Department would ban certain employers from being eligible for Public Service Loan Forgiveness.,"{'type': 'buy stock', 'description': 'Buy SPY shares', 'risk_level': 'low', 'suggested_allocation': '20%', 'explanation': 'Simple long-term position with ownership.'}",stock,AAPL,neutral
What might happen after this? Forget the ‘Magnificent Seven’ — these 7 cheap tech and AI stocks are better buys right now. Details: This mutual-fund manager stays calm through uncertainty — and significantly outperforms the stock market.,"{'type': 'buy stock', 'description': 'Buy SPY shares', 'risk_level': 'low', 'suggested_allocation': '20%', 'explanation': 'Simple long-term position with ownership.'}",stock,AAPL,neutral
"What might happen after this? My job is offering me a payout. Should I take a $61,000 lump sum or $355 a month for life?. Details: “My S&amp;P 500 investments have roughly doubled every seven years.”","{'type': 'buy stock', 'description': 'Buy SPY shares', 'risk_level': 'low', 'suggested_allocation': '20%', 'explanation': 'Simple long-term position with ownership.'}",stock,AAPL,neutral
Should I trade based on this? Why Republicans are defending this lucrative Medicaid scam. Context: Guess who’s paying for the costs of hospitals and nursing homes in red states?,"{'type': 'buy stock', 'description': 'Buy SPY shares', 'risk_level': 'low', 'suggested_allocation': '20%', 'explanation': 'Simple long-term position with ownership.'}",stock,AAPL,neutral
What might happen after this? The Future of Social Security Just Went From Bad to Worse. Here's What Seniors Can Expect Next.. Details: Retirees could see even bigger benefit cuts in the near future if Congress doesn't act.,"{'type': 'buy stock', 'description': 'Buy SPY shares', 'risk_level': 'low', 'suggested_allocation': '20%', 'explanation': 'Simple long-term position with ownership.'}",stock,AAPL,neutral
"News just broke: Should You Buy Roku Stock After Its Partnership With Amazon? — <p>On June 16, <strong>Roku</strong> <span class=""ticker"">(NASDAQ: ROKU)</span> announced a partnership with <strong>Amazon</strong> <span class=""ticker"">(NASDAQ: AMZN)</span> that will allow advertis","{'type': 'buy stock', 'description': 'Buy AMZN shares', 'risk_level': 'low', 'suggested_allocation': '20%', 'explanation': 'Simple long-term position with ownership.'}",stock,AMZN,neutral
"What might happen after this? 3 Brilliant Dividend Stocks to Buy Now and Hold for the Long Term. Details: <p><span>Investing in dividend stocks is a wise long-term investment strategy. According to data from Hartford Funds and Ned Davis Research, the average dividend-paying stock has outperformed nonpayer","{'type': 'buy stock', 'description': 'Buy SPY shares', 'risk_level': 'low', 'suggested_allocation': '20%', 'explanation': 'Simple long-term position with ownership.'}",stock,AAPL,neutral
"What might happen after this? IEFA Is a Great Choice for Most, but I Like VEA ETF Better. Details: <p>For investors in the United States, it's pretty easy to get overexposed to domestic stocks. These are the brands that you're most used to and the companies that you see every day. It's easy to load","{'type': 'buy stock', 'description': 'Buy SPY shares', 'risk_level': 'low', 'suggested_allocation': '20%', 'explanation': 'Simple long-term position with ownership.'}",stock,AAPL,neutral
"I believe Where Will Nvidia Stock Be in 10 Years?. Summary: <p><span>Technology companies must constantly evolve to stay relevant. And </span><strong><span>Nvidia </span></strong><span><span class=""ticker"">(NASDAQ: NVDA)</span> is no stranger to this phenomeno","{'type': 'buy stock', 'description': 'Buy NVDA shares', 'risk_level': 'low', 'suggested_allocation': '20%', 'explanation': 'Simple long-term position with ownership.'}",stock,NVDA,neutral
"News just broke: A 2-month rally pushed the stock market to record highs — but watch for these risks in July — July is historically a strong month for stocks, but macroeconomic updates loom.","{'type': 'bull call spread', 'description': 'Buy SPY 645c / Sell SPY 707c', 'risk_level': 'high', 'suggested_allocation': '20%', 'explanation': 'Limited-risk bullish strategy with a defined reward range.'}",options
"I believe U.S. stock futures rise after S&P 500’s latest record high. Summary: U.S. stock-market futures rose Sunday, after the S&amp;P 500 and Nasdaq finished last week at record highs.","{'type': 'buy stock', 'description': 'Buy SPY shares', 'risk_level': 'low', 'suggested_allocation': '20%', 'explanation': 'Long-term bullish strategy with ownership and growth exposure.'}",options
What might happen after this? Why your Social Security check could shrink by nearly 20% — and more if jobs are scarce. Details: America’s retirement trust fund is expected to run dry by 2034. A U.S. economic downturn would only make a bad situation worse.,"{'type': 'default strategy', 'description': 'Fallback plan', 'risk_level': 'unknown', 'suggested_allocation': '20%', 'explanation': 'Model confidence too low — requires manual advisor review.'}",options
Should I trade based on this? This cryptocurrency is bitcoin’s biggest challenger yet — and it just might take over your wallet. Context: Stablecoins are testing the foundation of the financial system. The problem? How to regulate them.,"{'type': 'default strategy', 'description': 'Fallback plan', 'risk_level': 'unknown', 'suggested_allocation': '20%', 'explanation': 'Model confidence too low — requires manual advisor review.'}",options
What might happen after this? ‘I am horrified’: My company won’t allow me to tip more than 15% for Ubers. Do I explain this to the driver?. Details: “I would never even consider tipping less than 20% if it were a personal ride.”,"{'type': 'default strategy', 'description': 'Fallback plan', 'risk_level': 'unknown', 'suggested_allocation': '20%', 'explanation': 'Model confidence too low — requires manual advisor review.'}",options
"What might happen after this? 3 Reasons IonQ Could Be a Millionaire-Maker Quantum Computing Stock. Details: <p>In the fledgling field of quantum computing,<strong> IonQ </strong><span class=""ticker"">(NYSE: IONQ)</span> has emerged as one of the leading start-up investment options. It holds key contracts wit","{'type': 'default strategy', 'description': 'Fallback plan', 'risk_level': 'unknown', 'suggested_allocation': '20%', 'explanation': 'Model confidence too low — requires manual advisor review.'}",options
"Should I trade based on this? If I Could Only Buy and Hold a Single Stock, This Would Be It.. Context: <p>I own a couple dozen stocks. I like each and every one of them, given that I chose them out of the thousands of potential stocks available on Wall Street. Picking just one would be difficult. Yet, ","{'type': 'buy stock', 'description': 'Buy SPY shares', 'risk_level': 'low', 'suggested_allocation': '20%', 'explanation': 'Long-term bullish strategy with ownership and growth exposure.'}",options
News just broke: Billionaire Bill Gates Has 66% of His Foundation's $45 Billion Portfolio Invested in 3 Outstanding Stocks — The Gates Foundation portfolio is a mix of Gates' tech background and influence from one of the greatest investors of all time.,"{'type': 'long put', 'description': 'Buy SPY 584p / Sell SPY 522p', 'risk_level': 'high', 'suggested_allocation': '20%', 'explanation': 'Speculative bearish trade with large profit potential on sharp drops.'}",options
"Should I trade based on this? Where Will Nvidia Be in the Next 3 Years?. Context: <p>Rewind to early 2023 -- few believed that <strong>Nvidia</strong> <span class=""ticker"">(NASDAQ: NVDA)</span> could climb any higher. It already felt expensive and fully priced.</p><p>Then it surged","{'type': 'long put', 'description': 'Buy NVDA 149p / Sell NVDA 134p', 'risk_level': 'high', 'suggested_allocation': '20%', 'explanation': 'Speculative bearish trade with large profit potential on sharp drops.'}",options
"I believe Is It Time to Just Buy Nike Stock as a Turnaround Takes Hold?. Summary: <p>It's been frustrating to be a <strong>Nike</strong> <span class=""ticker"">(NYSE: NKE)</span> investor the past few years, but investors cheered after new CEO Elliott Hill indicated that the worst wa","{'type': 'long put', 'description': 'Buy SPY 584p / Sell SPY 522p', 'risk_level': 'high', 'suggested_allocation': '20%', 'explanation': 'Speculative bearish trade with large profit potential on sharp drops.'}",options
"News just broke: U.S. stock futures rise after S&P 500’s latest record high — U.S. stock-market futures rose Sunday, after the S&amp;P 500 and Nasdaq finished last week at record highs.","{'type': 'buy stock', 'description': 'Buy SPY shares', 'risk_level': 'low', 'suggested_allocation': '20%', 'explanation': 'Long-term bullish strategy with ownership and growth exposure.'}",options
"What might happen after this? A 2-month rally pushed the stock market to record highs — but watch for these risks in July. Details: July is historically a strong month for stocks, but macroeconomic updates loom.","{'type': 'default strategy', 'description': 'Fallback plan', 'risk_level': 'unknown', 'suggested_allocation': '20%', 'explanation': 'Model confidence too low — requires manual advisor review.'}",options
What might happen after this? Why your Social Security check could shrink by nearly 20% — and more if jobs are scarce. Details: America’s retirement trust fund is expected to run dry by 2034. A U.S. economic downturn would only make a bad situation worse.,"{'type': 'default strategy', 'description': 'Fallback plan', 'risk_level': 'unknown', 'suggested_allocation': '20%', 'explanation': 'Model confidence too low — requires manual advisor review.'}",options
Should I trade based on this? This cryptocurrency is bitcoin’s biggest challenger yet — and it just might take over your wallet. Context: Stablecoins are testing the foundation of the financial system. The problem? How to regulate them.,"{'type': 'default strategy', 'description': 'Fallback plan', 'risk_level': 'unknown', 'suggested_allocation': '20%', 'explanation': 'Model confidence too low — requires manual advisor review.'}",options
News just broke: ‘I am horrified’: My company won’t allow me to tip more than 15% for Ubers. Do I explain this to the driver? — “I would never even consider tipping less than 20% if it were a personal ride.”,"{'type': 'long put', 'description': 'Buy SPY 584p / Sell SPY 522p', 'risk_level': 'high', 'suggested_allocation': '20%', 'explanation': 'Speculative bearish trade with large profit potential on sharp drops.'}",options
News just broke: 2 Tax Rules New Retirees Need to Know — Don't let these rules come as a surprise.,"{'type': 'bull call spread', 'description': 'Buy SPY 645c / Sell SPY 707c', 'risk_level': 'high', 'suggested_allocation': '20%', 'explanation': 'Limited-risk bullish strategy with a defined reward range.'}",options
I believe Stop Basing Your Retirement Savings on This Outdated Assumption. Summary: You could end up regretting it.,"{'type': 'bull call spread', 'description': 'Buy SPY 645c / Sell SPY 707c', 'risk_level': 'high', 'suggested_allocation': '20%', 'explanation': 'Limited-risk bullish strategy with a defined reward range.'}",options
Should I trade based on this? Tax Season Is Open. Here's How to Get a Faster Refund.. Context: Want your money sooner? Here's how to make that happen.,"{'type': 'default strategy', 'description': 'Fallback plan', 'risk_level': 'unknown', 'suggested_allocation': '20%', 'explanation': 'Model confidence too low — requires manual advisor review.'}",options
"Should I trade based on this? U.S. stock futures rise after S&P 500’s latest record high. Context: U.S. stock-market futures rose Sunday, after the S&amp;P 500 and Nasdaq finished last week at record highs.","{'type': 'buy stock', 'description': 'Buy SPY shares', 'risk_level': 'low', 'suggested_allocation': '20%', 'explanation': 'Long-term bullish strategy with ownership and growth exposure.'}",options
"News just broke: A 2-month rally pushed the stock market to record highs — but watch for these risks in July — July is historically a strong month for stocks, but macroeconomic updates loom.","{'type': 'bull call spread', 'description': 'Buy SPY 645c / Sell SPY 707c', 'risk_level': 'high', 'suggested_allocation': '20%', 'explanation': 'Limited-risk bullish strategy with a defined reward range.'}",options
I believe Why your Social Security check could shrink by nearly 20% — and more if jobs are scarce. Summary: America’s retirement trust fund is expected to run dry by 2034. A U.S. economic downturn would only make a bad situation worse.,"{'type': 'long put', 'description': 'Buy SPY 584p / Sell SPY 522p', 'risk_level': 'high', 'suggested_allocation': '20%', 'explanation': 'Speculative bearish trade with large profit potential on sharp drops.'}",options
Should I trade based on this? This cryptocurrency is bitcoin’s biggest challenger yet — and it just might take over your wallet. Context: Stablecoins are testing the foundation of the financial system. The problem? How to regulate them.,"{'type': 'default strategy', 'description': 'Fallback plan', 'risk_level': 'unknown', 'suggested_allocation': '20%', 'explanation': 'Model confidence too low — requires manual advisor review.'}",options
What might happen after this? ‘I am horrified’: My company won’t allow me to tip more than 15% for Ubers. Do I explain this to the driver?. Details: “I would never even consider tipping less than 20% if it were a personal ride.”,"{'type': 'default strategy', 'description': 'Fallback plan', 'risk_level': 'unknown', 'suggested_allocation': '20%', 'explanation': 'Model confidence too low — requires manual advisor review.'}",options
"What might happen after this? 3 Reasons IonQ Could Be a Millionaire-Maker Quantum Computing Stock. Details: <p>In the fledgling field of quantum computing,<strong> IonQ </strong><span class=""ticker"">(NYSE: IONQ)</span> has emerged as one of the leading start-up investment options. It holds key contracts wit","{'type': 'default strategy', 'description': 'Fallback plan', 'risk_level': 'unknown', 'suggested_allocation': '20%', 'explanation': 'Model confidence too low — requires manual advisor review.'}",options
"I believe If I Could Only Buy and Hold a Single Stock, This Would Be It.. Summary: <p>I own a couple dozen stocks. I like each and every one of them, given that I chose them out of the thousands of potential stocks available on Wall Street. Picking just one would be difficult. Yet, ","{'type': 'default strategy', 'description': 'Fallback plan', 'risk_level': 'unknown', 'suggested_allocation': '20%', 'explanation': 'Model confidence too low — requires manual advisor review.'}",options
News just broke: Billionaire Bill Gates Has 66% of His Foundation's $45 Billion Portfolio Invested in 3 Outstanding Stocks — The Gates Foundation portfolio is a mix of Gates' tech background and influence from one of the greatest investors of all time.,"{'type': 'long put', 'description': 'Buy SPY 584p / Sell SPY 522p', 'risk_level': 'high', 'suggested_allocation': '20%', 'explanation': 'Speculative bearish trade with large profit potential on sharp drops.'}",options
"Should I trade based on this? Where Will Nvidia Be in the Next 3 Years?. Context: <p>Rewind to early 2023 -- few believed that <strong>Nvidia</strong> <span class=""ticker"">(NASDAQ: NVDA)</span> could climb any higher. It already felt expensive and fully priced.</p><p>Then it surged","{'type': 'long put', 'description': 'Buy NVDA 149p / Sell NVDA 134p', 'risk_level': 'high', 'suggested_allocation': '20%', 'explanation': 'Speculative bearish trade with large profit potential on sharp drops.'}",options
"News just broke: Is It Time to Just Buy Nike Stock as a Turnaround Takes Hold? — <p>It's been frustrating to be a <strong>Nike</strong> <span class=""ticker"">(NYSE: NKE)</span> investor the past few years, but investors cheered after new CEO Elliott Hill indicated that the worst wa","{'type': 'long put', 'description': 'Buy SPY 584p / Sell SPY 522p', 'risk_level': 'high', 'suggested_allocation': '20%', 'explanation': 'Speculative bearish trade with large profit potential on sharp drops.'}",options
"News just broke: U.S. stock futures rise after S&P 500’s latest record high — U.S. stock-market futures rose Sunday, after the S&amp;P 500 and Nasdaq finished last week at record highs.","{'type': 'buy stock', 'description': 'Buy SPY shares', 'risk_level': 'low', 'suggested_allocation': '20%', 'explanation': 'Long-term bullish strategy with ownership and growth exposure.'}",options
"What might happen after this? A 2-month rally pushed the stock market to record highs — but watch for these risks in July. Details: July is historically a strong month for stocks, but macroeconomic updates loom.","{'type': 'default strategy', 'description': 'Fallback plan', 'risk_level': 'unknown', 'suggested_allocation': '20%', 'explanation': 'Model confidence too low — requires manual advisor review.'}",options
Should I trade based on this? Why your Social Security check could shrink by nearly 20% — and more if jobs are scarce. Context: America’s retirement trust fund is expected to run dry by 2034. A U.S. economic downturn would only make a bad situation worse.,"{'type': 'long put', 'description': 'Buy SPY 584p / Sell SPY 522p', 'risk_level': 'high', 'suggested_allocation': '20%', 'explanation': 'Speculative bearish trade with large profit potential on sharp drops.'}",options
What might happen after this? This cryptocurrency is bitcoin’s biggest challenger yet — and it just might take over your wallet. Details: Stablecoins are testing the foundation of the financial system. The problem? How to regulate them.,"{'type': 'default strategy', 'description': 'Fallback plan', 'risk_level': 'unknown', 'suggested_allocation': '20%', 'explanation': 'Model confidence too low — requires manual advisor review.'}",options
Should I trade based on this? ‘I am horrified’: My company won’t allow me to tip more than 15% for Ubers. Do I explain this to the driver?. Context: “I would never even consider tipping less than 20% if it were a personal ride.”,"{'type': 'iron condor', 'description': 'Sell call + put spreads (same expiry)', 'risk_level': 'medium', 'suggested_allocation': '20%', 'explanation': 'Best for neutral outlook — profit if price stays in a defined range.'}",options
"What might happen after this? 3 Reasons IonQ Could Be a Millionaire-Maker Quantum Computing Stock. Details: <p>In the fledgling field of quantum computing,<strong> IonQ </strong><span class=""ticker"">(NYSE: IONQ)</span> has emerged as one of the leading start-up investment options. It holds key contracts wit","{'type': 'default strategy', 'description': 'Fallback plan', 'risk_level': 'unknown', 'suggested_allocation': '20%', 'explanation': 'Model confidence too low — requires manual advisor review.'}",options
"I believe If I Could Only Buy and Hold a Single Stock, This Would Be It.. Summary: <p>I own a couple dozen stocks. I like each and every one of them, given that I chose them out of the thousands of potential stocks available on Wall Street. Picking just one would be difficult. Yet, ","{'type': 'default strategy', 'description': 'Fallback plan', 'risk_level': 'unknown', 'suggested_allocation': '20%', 'explanation': 'Model confidence too low — requires manual advisor review.'}",options
I believe Billionaire Bill Gates Has 66% of His Foundation's $45 Billion Portfolio Invested in 3 Outstanding Stocks. Summary: The Gates Foundation portfolio is a mix of Gates' tech background and influence from one of the greatest investors of all time.,"{'type': 'long put', 'description': 'Buy SPY 584p / Sell SPY 522p', 'risk_level': 'high', 'suggested_allocation': '20%', 'explanation': 'Speculative bearish trade with large profit potential on sharp drops.'}",options
"What might happen after this? Where Will Nvidia Be in the Next 3 Years?. Details: <p>Rewind to early 2023 -- few believed that <strong>Nvidia</strong> <span class=""ticker"">(NASDAQ: NVDA)</span> could climb any higher. It already felt expensive and fully priced.</p><p>Then it surged","{'type': 'default strategy', 'description': 'Fallback plan', 'risk_level': 'unknown', 'suggested_allocation': '20%', 'explanation': 'Model confidence too low — requires manual advisor review.'}",options
"I believe Is It Time to Just Buy Nike Stock as a Turnaround Takes Hold?. Summary: <p>It's been frustrating to be a <strong>Nike</strong> <span class=""ticker"">(NYSE: NKE)</span> investor the past few years, but investors cheered after new CEO Elliott Hill indicated that the worst wa","{'type': 'long put', 'description': 'Buy SPY 584p / Sell SPY 522p', 'risk_level': 'high', 'suggested_allocation': '20%', 'explanation': 'Speculative bearish trade with large profit potential on sharp drops.'}",options
"News just broke: U.S. stock futures rise after S&P 500’s latest record high — U.S. stock-market futures rose Sunday, after the S&amp;P 500 and Nasdaq finished last week at record highs.",buy stock,options
"Should I trade based on this? A 2-month rally pushed the stock market to record highs — but watch for these risks in July. Context: July is historically a strong month for stocks, but macroeconomic updates loom.",default strategy,options
What might happen after this? Why your Social Security check could shrink by nearly 20% — and more if jobs are scarce. Details: America’s retirement trust fund is expected to run dry by 2034. A U.S. economic downturn would only make a bad situation worse.,default strategy,options
I believe This cryptocurrency is bitcoin’s biggest challenger yet — and it just might take over your wallet. Summary: Stablecoins are testing the foundation of the financial system. The problem? How to regulate them.,default strategy,options
Should I trade based on this? ‘I am horrified’: My company won’t allow me to tip more than 15% for Ubers. Do I explain this to the driver?. Context: “I would never even consider tipping less than 20% if it were a personal ride.”,iron condor,options
"What might happen after this? 3 Reasons IonQ Could Be a Millionaire-Maker Quantum Computing Stock. Details: <p>In the fledgling field of quantum computing,<strong> IonQ </strong><span class=""ticker"">(NYSE: IONQ)</span> has emerged as one of the leading start-up investment options. It holds key contracts wit",default strategy,options
"What might happen after this? If I Could Only Buy and Hold a Single Stock, This Would Be It.. Details: <p>I own a couple dozen stocks. I like each and every one of them, given that I chose them out of the thousands of potential stocks available on Wall Street. Picking just one would be difficult. Yet, ",default strategy,options
I believe Billionaire Bill Gates Has 66% of His Foundation's $45 Billion Portfolio Invested in 3 Outstanding Stocks. Summary: The Gates Foundation portfolio is a mix of Gates' tech background and influence from one of the greatest investors of all time.,long put,options
"News just broke: Where Will Nvidia Be in the Next 3 Years? — <p>Rewind to early 2023 -- few believed that <strong>Nvidia</strong> <span class=""ticker"">(NASDAQ: NVDA)</span> could climb any higher. It already felt expensive and fully priced.</p><p>Then it surged",long put,options
"Should I trade based on this? Is It Time to Just Buy Nike Stock as a Turnaround Takes Hold?. Context: <p>It's been frustrating to be a <strong>Nike</strong> <span class=""ticker"">(NYSE: NKE)</span> investor the past few years, but investors cheered after new CEO Elliott Hill indicated that the worst wa",default strategy,options
"I believe U.S. stock futures rise after S&P 500’s latest record high. Summary: U.S. stock-market futures rose Sunday, after the S&amp;P 500 and Nasdaq finished last week at record highs.",buy stock,options
"Should I trade based on this? A 2-month rally pushed the stock market to record highs — but watch for these risks in July. Context: July is historically a strong month for stocks, but macroeconomic updates loom.",default strategy,options
Should I trade based on this? Why your Social Security check could shrink by nearly 20% — and more if jobs are scarce. Context: America’s retirement trust fund is expected to run dry by 2034. A U.S. economic downturn would only make a bad situation worse.,long put,options
News just broke: This cryptocurrency is bitcoin’s biggest challenger yet — and it just might take over your wallet — Stablecoins are testing the foundation of the financial system. The problem? How to regulate them.,default strategy,options
I believe ‘I am horrified’: My company won’t allow me to tip more than 15% for Ubers. Do I explain this to the driver?. Summary: “I would never even consider tipping less than 20% if it were a personal ride.”,iron condor,options
"News just broke: 3 Reasons IonQ Could Be a Millionaire-Maker Quantum Computing Stock — <p>In the fledgling field of quantum computing,<strong> IonQ </strong><span class=""ticker"">(NYSE: IONQ)</span> has emerged as one of the leading start-up investment options. It holds key contracts wit",iron condor,options
"Should I trade based on this? If I Could Only Buy and Hold a Single Stock, This Would Be It.. Context: <p>I own a couple dozen stocks. I like each and every one of them, given that I chose them out of the thousands of potential stocks available on Wall Street. Picking just one would be difficult. Yet, ",buy stock,options
Should I trade based on this? Billionaire Bill Gates Has 66% of His Foundation's $45 Billion Portfolio Invested in 3 Outstanding Stocks. Context: The Gates Foundation portfolio is a mix of Gates' tech background and influence from one of the greatest investors of all time.,long put,options
"Should I trade based on this? Where Will Nvidia Be in the Next 3 Years?. Context: <p>Rewind to early 2023 -- few believed that <strong>Nvidia</strong> <span class=""ticker"">(NASDAQ: NVDA)</span> could climb any higher. It already felt expensive and fully priced.</p><p>Then it surged",long put,options
"What might happen after this? Is It Time to Just Buy Nike Stock as a Turnaround Takes Hold?. Details: <p>It's been frustrating to be a <strong>Nike</strong> <span class=""ticker"">(NYSE: NKE)</span> investor the past few years, but investors cheered after new CEO Elliott Hill indicated that the worst wa",default strategy,options
Is the AI bubble bursting this quarter?,"{'type': 'straddle', 'description': 'Buy call and put at same strike/expiry', 'risk_level': 'high', 'suggested_allocation': '20%', 'explanation': 'Profit from volatility in either direction — useful before earnings or news.'}",options
"I believe U.S. stock futures rise after S&P 500’s latest record high. Summary: U.S. stock-market futures rose Sunday, after the S&amp;P 500 and Nasdaq finished last week at record highs.","{'type': 'buy stock', 'description': 'Buy SPY shares', 'risk_level': 'low', 'suggested_allocation': '20%', 'explanation': 'Long-term bullish strategy with ownership and growth exposure.'}",options
"Should I trade based on this? A 2-month rally pushed the stock market to record highs — but watch for these risks in July. Context: July is historically a strong month for stocks, but macroeconomic updates loom.","{'type': 'default strategy', 'description': 'Fallback plan', 'risk_level': 'unknown', 'suggested_allocation': '20%', 'explanation': 'Model confidence too low — requires manual advisor review.'}",options
I believe Why your Social Security check could shrink by nearly 20% — and more if jobs are scarce. Summary: America’s retirement trust fund is expected to run dry by 2034. A U.S. economic downturn would only make a bad situation worse.,"{'type': 'long put', 'description': 'Buy SPY 584p / Sell SPY 522p', 'risk_level': 'high', 'suggested_allocation': '20%', 'explanation': 'Speculative bearish trade with large profit potential on sharp drops.'}",options
I believe This cryptocurrency is bitcoin’s biggest challenger yet — and it just might take over your wallet. Summary: Stablecoins are testing the foundation of the financial system. The problem? How to regulate them.,"{'type': 'default strategy', 'description': 'Fallback plan', 'risk_level': 'unknown', 'suggested_allocation': '20%', 'explanation': 'Model confidence too low — requires manual advisor review.'}",options
I believe ‘I am horrified’: My company won’t allow me to tip more than 15% for Ubers. Do I explain this to the driver?. Summary: “I would never even consider tipping less than 20% if it were a personal ride.”,"{'type': 'iron condor', 'description': 'Sell call + put spreads (same expiry)', 'risk_level': 'medium', 'suggested_allocation': '20%', 'explanation': 'Best for neutral outlook — profit if price stays in a defined range.'}",options
"Should I trade based on this? 3 Reasons IonQ Could Be a Millionaire-Maker Quantum Computing Stock. Context: <p>In the fledgling field of quantum computing,<strong> IonQ </strong><span class=""ticker"">(NYSE: IONQ)</span> has emerged as one of the leading start-up investment options. It holds key contracts wit","{'type': 'buy stock', 'description': 'Buy SPY shares', 'risk_level': 'low', 'suggested_allocation': '20%', 'explanation': 'Long-term bullish strategy with ownership and growth exposure.'}",options
"What might happen after this? If I Could Only Buy and Hold a Single Stock, This Would Be It.. Details: <p>I own a couple dozen stocks. I like each and every one of them, given that I chose them out of the thousands of potential stocks available on Wall Street. Picking just one would be difficult. Yet, ","{'type': 'default strategy', 'description': 'Fallback plan', 'risk_level': 'unknown', 'suggested_allocation': '20%', 'explanation': 'Model confidence too low — requires manual advisor review.'}",options
Should I trade based on this? Billionaire Bill Gates Has 66% of His Foundation's $45 Billion Portfolio Invested in 3 Outstanding Stocks. Context: The Gates Foundation portfolio is a mix of Gates' tech background and influence from one of the greatest investors of all time.,"{'type': 'long put', 'description': 'Buy SPY 584p / Sell SPY 522p', 'risk_level': 'high', 'suggested_allocation': '20%', 'explanation': 'Speculative bearish trade with large profit potential on sharp drops.'}",options
"I believe Where Will Nvidia Be in the Next 3 Years?. Summary: <p>Rewind to early 2023 -- few believed that <strong>Nvidia</strong> <span class=""ticker"">(NASDAQ: NVDA)</span> could climb any higher. It already felt expensive and fully priced.</p><p>Then it surged","{'type': 'long put', 'description': 'Buy NVDA 149p / Sell NVDA 134p', 'risk_level': 'high', 'suggested_allocation': '20%', 'explanation': 'Speculative bearish trade with large profit potential on sharp drops.'}",options
"I believe Is It Time to Just Buy Nike Stock as a Turnaround Takes Hold?. Summary: <p>It's been frustrating to be a <strong>Nike</strong> <span class=""ticker"">(NYSE: NKE)</span> investor the past few years, but investors cheered after new CEO Elliott Hill indicated that the worst wa","{'type': 'long put', 'description': 'Buy SPY 584p / Sell SPY 522p', 'risk_level': 'high', 'suggested_allocation': '20%', 'explanation': 'Speculative bearish trade with large profit potential on sharp drops.'}",options
"Should I trade based on this? Meta shares hit all-time high as Mark Zuckerberg goes on AI hiring blitz. Context: Meta shares hit a record high on Monday, underscoring investor interest in the company's new AI superintelligence group.","{'type': 'long put', 'description': 'Buy META 701p / Sell META 627p', 'risk_level': 'high', 'suggested_allocation': '10%', 'explanation': 'Speculative bearish trade with large profit potential on sharp drops.'}",options
"What might happen after this? Trump rips AT&T service weeks after Trump Mobile licensing deal announced. Details: President Donald Trump criticized AT&amp;T weeks after the Trump Organization announced a wireless mobile licensing deal, Trump Mobile.","{'type': 'default strategy', 'description': 'Fallback plan', 'risk_level': 'unknown', 'suggested_allocation': '20%', 'explanation': 'Model confidence too low — requires manual advisor review.'}",options
"I believe Solar and wind industry faces up to $7 billion tax hike under Trump's big bill, trade group says. Summary: Republicans are racing to pass Trump's domestic spending legislation by a self-imposed Friday deadline.","{'type': 'bull call spread', 'description': 'Buy SPY 648c / Sell SPY 710c', 'risk_level': 'high', 'suggested_allocation': '10%', 'explanation': 'Limited-risk bullish strategy with a defined reward range.'}",options
"News just broke: White House says Canada 'caved' to Trump over digital services tax — Canadian Prime Minister Mark Carney called President Donald Trump last night to let him know that he would drop the tax, the White House press secretary said.","{'type': 'long put', 'description': 'Buy DIA 418p / Sell DIA 374p', 'risk_level': 'high', 'suggested_allocation': '10%', 'explanation': 'Speculative bearish trade with large profit potential on sharp drops.'}",options
"What might happen after this? Oracle stock jumps after $30 billion annual cloud deal revealed in filing. Details: Oracle shares have jumped more than 33% this year, benefiting from cloud growth and the rise of artificial intelligence models.","{'type': 'default strategy', 'description': 'Fallback plan', 'risk_level': 'unknown', 'suggested_allocation': '20%', 'explanation': 'Model confidence too low — requires manual advisor review.'}",options
"News just broke: Gold and platinum are proven stock market predictors. Here’s what they’re saying now. — The gold-platinum ratio has plunged. If this market-timing indicator is correct, stock prices will follow.","{'type': 'default strategy', 'description': 'Fallback plan', 'risk_level': 'unknown', 'suggested_allocation': '20%', 'explanation': 'Model confidence too low — requires manual advisor review.'}",options
What might happen after this? Trump sends handwritten note to Powell pushing for dramatically lower interest rates. Details: President Donald Trump has continued to put pressure on Federal Reserve Chair Jerome Powell to dramatically lower interest rates.,"{'type': 'default strategy', 'description': 'Fallback plan', 'risk_level': 'unknown', 'suggested_allocation': '20%', 'explanation': 'Model confidence too low — requires manual advisor review.'}",options
"I believe How June’s bond rally might give way to a round of volatility in Treasury bills. Summary: June’s bond-market rally could give way to a different trading dynamic in July that results in a fresh round of volatility in the government’s shortest-term debt obligations, known as Treasury bills.","{'type': 'bond ladder', 'description': 'Build a ladder of bonds with staggered maturities', 'risk_level': 'low', 'suggested_allocation': '20%', 'explanation': 'Generates predictable income while minimizing interest rate risk.'}",bond
Should I trade based on this? ‘Finance makes me break out in hives’: I inherited $240K from my parents. Do I pay off my $258K mortgage and give up my job?. Context: “I inherited $240K. Do I pay off my $258K mortgage and downsize my house and job?”,"{'type': 'long put', 'description': 'Buy SPY 586p / Sell SPY 525p', 'risk_level': 'high', 'suggested_allocation': '10%', 'explanation': 'Speculative bearish trade with large profit potential on sharp drops.'}",options
"I believe ‘We have $247,000 in our portfolio’: I’m 51, ‘medically retired’ and planning to move to a cheaper state. Can we do it?. Summary: “We have $247,000 in our portfolio, $105,000 in a 403(b), $61,000 in another stock account and $15,000 in a traditional IRA.”","{'type': 'buy stock', 'description': 'Buy SPY shares', 'risk_level': 'low', 'suggested_allocation': '20%', 'explanation': 'Long-term bullish strategy with ownership and growth exposure.'}",options
"I believe Prediction: These Will Be the Two Best-Performing ""Magnificent Seven"" Stocks Over the Next 5 Years. Summary: <p>The ""Magnificent Seven"" is a group of technology stocks that includes <strong>Nvidia</strong>, <strong>Microsoft</strong>, <strong>Apple</strong>, <strong>Amazon </strong><span class=""ticker"">(NASD","{'type': 'default strategy', 'description': 'Fallback plan', 'risk_level': 'unknown', 'suggested_allocation': '20%', 'explanation': 'Model confidence too low — requires manual advisor review.'}",options
"What might happen after this? Why Joby Aviation Stock Is Soaring Today. Details: <p>Shares of <strong>Joby Aviation </strong><span class=""ticker"">(NYSE: JOBY)</span> are rising on Monday, up 11.6% as of 3:41 p.m. ET. The jump comes as the<strong> S&amp;P 500</strong> and <strong>N","{'type': 'default strategy', 'description': 'Fallback plan', 'risk_level': 'unknown', 'suggested_allocation': '20%', 'explanation': 'Model confidence too low — requires manual advisor review.'}",options
"I believe Why SoundHound AI Stock Is Soaring Today. Summary: <p><strong>SoundHound AI</strong> <span class=""ticker"">(NASDAQ: SOUN)</span> stock is posting another day of big gains Monday. The artificial intelligence (<a href=""https://www.fool.com/investing/stoc","{'type': 'buy stock', 'description': 'Buy SPY shares', 'risk_level': 'low', 'suggested_allocation': '20%', 'explanation': 'Long-term bullish strategy with ownership and growth exposure.'}",options
"News just broke: Why KULR Technology Stock Is Skyrocketing Today — <p><strong>KULR Technology</strong> <span class=""ticker"">(NYSEMKT: KULR)</span> stock is posting another day of big gains in Monday trading. The company's share price was up 12% as of 3:45 p.m. EDT. K","{'type': 'buy stock', 'description': 'Buy SPY shares', 'risk_level': 'low', 'suggested_allocation': '20%', 'explanation': 'Long-term bullish strategy with ownership and growth exposure.'}",options
"News just broke: Why Robinhood Stock Is Soaring Today — <p>Shares of <strong>Robinhood Markets</strong> <span class=""ticker"">(NASDAQ: HOOD)</span> are spiking on Monday, up 12.1% as of 3:24 p.m. ET. The jump comes as the <strong>S&amp;P 500</strong> and <s","{'type': 'buy stock', 'description': 'Buy SPY shares', 'risk_level': 'low', 'suggested_allocation': '20%', 'explanation': 'Long-term bullish strategy with ownership and growth exposure.'}",options
"What might happen after this? Musk shreds Trump's tax bill as 'DEBT SLAVERY,' vows to unseat Republicans who back it. Details: Musk's latest tirade came as the voting is underway in the Senate on dozens of amendments to the massive Trump-backed tax bill.","{'type': 'default strategy', 'description': 'Fallback plan', 'risk_level': 'unknown', 'suggested_allocation': '20%', 'explanation': 'Model confidence too low — requires manual advisor review.'}",options
"Should I trade based on this? Trump rips AT&T service weeks after Trump Mobile licensing deal announced. Context: President Donald Trump criticized AT&amp;T two weeks after the Trump Organization announced a wireless mobile licensing deal, Trump Mobile.","{'type': 'long put', 'description': 'Buy SPY 586p / Sell SPY 525p', 'risk_level': 'high', 'suggested_allocation': '10%', 'explanation': 'Speculative bearish trade with large profit potential on sharp drops.'}",options
"I believe Mark Zuckerberg announces creation of Meta Superintelligence Labs. Read the memo. Summary: Mark Zuckerberg said his company is creating Meta Superintelligence Labs, which will be led by some recent hires.","{'type': 'bull call spread', 'description': 'Buy META 774c / Sell META 848c', 'risk_level': 'high', 'suggested_allocation': '10%', 'explanation': 'Limited-risk bullish strategy with a defined reward range.'}",options
"What might happen after this? As nations build 'sovereign AI,' open-source models and cloud computing can help, experts say. Details: Panelists at CNBC’s East Tech West 2025 in Thailand discussed how emerging nations can begin to build their own “sovereign AI.""","{'type': 'default strategy', 'description': 'Fallback plan', 'risk_level': 'unknown', 'suggested_allocation': '20%', 'explanation': 'Model confidence too low — requires manual advisor review.'}",options
"What might happen after this? China's June factory activity unexpectedly expands, private survey shows. Details: The private survey appeared to diverge from the country's official PMI report, which showed manufacturing activity contracted for a third straight month in June.","{'type': 'straddle', 'description': 'Buy call and put at same strike/expiry', 'risk_level': 'high', 'suggested_allocation': '10%', 'explanation': 'Profit from volatility in either direction — useful before earnings or news.'}",options
"News just broke: Goldman’s stock surges to another record, as the ‘big winner’ of Fed’s stress tests — Bank stocks have outperformed the broad market with Goldman Sachs up 23% and JPMorgan Chase up 22% in the first half of 2025.","{'type': 'buy stock', 'description': 'Buy SPY shares', 'risk_level': 'low', 'suggested_allocation': '20%', 'explanation': 'Long-term bullish strategy with ownership and growth exposure.'}",options
"I believe ‘Almost everybody’ in the U.S. has a pair of clogs. BofA analysts say there’s still a lot to like about Crocs.. Summary: ‘We think Western Europe, China and India will continue to be the key growth drivers’ for Crocs, the analysts said.","{'type': 'long put', 'description': 'Buy DIA 418p / Sell DIA 374p', 'risk_level': 'high', 'suggested_allocation': '10%', 'explanation': 'Speculative bearish trade with large profit potential on sharp drops.'}",options
"News just broke: Would you apply for a job with a 9-step hiring process — including take-home tests and case studies? — These days, many businesses are turning hiring into a hoop-jumping affair. But does that really find the best candidate?","{'type': 'bull call spread', 'description': 'Buy SPY 648c / Sell SPY 710c', 'risk_level': 'high', 'suggested_allocation': '10%', 'explanation': 'Limited-risk bullish strategy with a defined reward range.'}",options
What might happen after this? The Supreme Court just boosted Trump’s business agenda — and these stock-market sectors. Here’s how to play it.. Details: U.S. Supreme Court ruling supports industry deregulation — and the stock market hasn’t yet priced this in.,"{'type': 'default strategy', 'description': 'Fallback plan', 'risk_level': 'unknown', 'suggested_allocation': '20%', 'explanation': 'Model confidence too low — requires manual advisor review.'}",options
"Should I trade based on this? ‘My whole financial world is upside down’: I’m ‘medically retired’ at 51 with $428,000 in stocks. Is this enough to live on?. Context: “We don’t know where we will retire. It could be South Carolina, Georgia, Alabama, Mississippi or Texas.”","{'type': 'long put', 'description': 'Buy SPY 586p / Sell SPY 525p', 'risk_level': 'high', 'suggested_allocation': '10%', 'explanation': 'Speculative bearish trade with large profit potential on sharp drops.'}",options
"News just broke: Is Palantir Stock a Buy Now? — <p><strong>Palantir Technologies</strong> <span class=""ticker"">(NASDAQ: PLTR)</span> has emerged as one of the most important companies in the <a href=""https://www.fool.com/investing/stock-market/mark","{'type': 'buy stock', 'description': 'Buy SPY shares', 'risk_level': 'low', 'suggested_allocation': '20%', 'explanation': 'Long-term bullish strategy with ownership and growth exposure.'}",options
News just broke: The Smartest High-Yield Dividend ETF to Buy With $100 Right Now — <p></p><p>Dividend investors have to take a lot of different factors into consideration when buying individual stocks. Those factors don't go away just because you are buying a dividend-focused exchan,"{'type': 'buy stock', 'description': 'Buy TLT shares', 'risk_level': 'low', 'suggested_allocation': '20%', 'explanation': 'Long-term bullish strategy with ownership and growth exposure.'}",bond
"Should I trade based on this? These Artificial Intelligence (AI) Stocks Are Quietly Outperforming the Market. Context: <p>Artificial intelligence (AI) has dominated the stock market since the launch of ChatGPT in late 2022. At that time, the <strong>S&amp;P 500 </strong>was in a bear market following the post-pandemic","{'type': 'default strategy', 'description': 'Fallback plan', 'risk_level': 'unknown', 'suggested_allocation': '20%', 'explanation': 'Model confidence too low — requires manual advisor review.'}",options
"Should I trade based on this? Could Lululemon Be a Millionaire-Maker Stock?. Context: <p>The world of apparel is ever changing. <strong>Lululemon Athletica</strong> <span class=""ticker"">(NASDAQ: LULU)</span> is feeling the brunt of a recent consumer change, as shoppers flock to competi","{'type': 'buy stock', 'description': 'Buy SPY shares', 'risk_level': 'low', 'suggested_allocation': '20%', 'explanation': 'Long-term bullish strategy with ownership and growth exposure.'}",options
"Should I trade based on this? Stock Split Watch: Is CrowdStrike Next?. Context: <p>Last year was a big one for stock splits, with some of the market's most exciting companies, from <strong>Nvidia </strong>to <strong>Broadcom</strong> and <strong>Chipotle Mexican Grill</strong>, t","{'type': 'buy stock', 'description': 'Buy DIA shares', 'risk_level': 'low', 'suggested_allocation': '20%', 'explanation': 'Long-term bullish strategy with ownership and growth exposure.'}",options
"Should I trade based on this? Musk shreds Trump's tax bill as 'DEBT SLAVERY,' vows to unseat Republicans who back it. Context: Musk's latest tirade came as the voting is underway in the Senate on dozens of amendments to the massive Trump-backed tax bill.","{'type': 'long put', 'description': 'Buy SPY 586p / Sell SPY 525p', 'risk_level': 'high', 'suggested_allocation': '10%', 'explanation': 'Speculative bearish trade with large profit potential on sharp drops.'}",options
"Should I trade based on this? Trump rips AT&T service weeks after Trump Mobile licensing deal announced. Context: President Donald Trump criticized AT&amp;T two weeks after the Trump Organization announced a wireless mobile licensing deal, Trump Mobile.","{'type': 'long put', 'description': 'Buy SPY 586p / Sell SPY 525p', 'risk_level': 'high', 'suggested_allocation': '10%', 'explanation': 'Speculative bearish trade with large profit potential on sharp drops.'}",options
"What might happen after this? Mark Zuckerberg announces creation of Meta Superintelligence Labs. Read the memo. Details: Mark Zuckerberg said his company is creating Meta Superintelligence Labs, which will be led by some recent hires.","{'type': 'default strategy', 'description': 'Fallback plan', 'risk_level': 'unknown', 'suggested_allocation': '20%', 'explanation': 'Model confidence too low — requires manual advisor review.'}",options
"I believe As nations build 'sovereign AI,' open-source models and cloud computing can help, experts say. Summary: Panelists at CNBC’s East Tech West 2025 in Thailand discussed how emerging nations can begin to build their own “sovereign AI.""","{'type': 'long put', 'description': 'Buy SPY 586p / Sell SPY 525p', 'risk_level': 'high', 'suggested_allocation': '10%', 'explanation': 'Speculative bearish trade with large profit potential on sharp drops.'}",options
"Should I trade based on this? China's June factory activity unexpectedly expands, private survey shows. Context: The private survey appeared to diverge from the country's official PMI report, which showed manufacturing activity contracted for a third straight month in June.","{'type': 'straddle', 'description': 'Buy call and put at same strike/expiry', 'risk_level': 'high', 'suggested_allocation': '10%', 'explanation': 'Profit from volatility in either direction — useful before earnings or news.'}",options
"Should I trade based on this? Goldman’s stock surges to another record, as the ‘big winner’ of Fed’s stress tests. Context: Bank stocks have outperformed the broad market with Goldman Sachs up 23% and JPMorgan Chase up 22% in the first half of 2025.","{'type': 'buy stock', 'description': 'Buy SPY shares', 'risk_level': 'low', 'suggested_allocation': '20%', 'explanation': 'Long-term bullish strategy with ownership and growth exposure.'}",options
"Should I trade based on this? ‘Almost everybody’ in the U.S. has a pair of clogs. BofA analysts say there’s still a lot to like about Crocs.. Context: ‘We think Western Europe, China and India will continue to be the key growth drivers’ for Crocs, the analysts said.","{'type': 'long put', 'description': 'Buy DIA 418p / Sell DIA 374p', 'risk_level': 'high', 'suggested_allocation': '10%', 'explanation': 'Speculative bearish trade with large profit potential on sharp drops.'}",options
"What might happen after this? Would you apply for a job with a 9-step hiring process — including take-home tests and case studies?. Details: These days, many businesses are turning hiring into a hoop-jumping affair. But does that really find the best candidate?","{'type': 'default strategy', 'description': 'Fallback plan', 'risk_level': 'unknown', 'suggested_allocation': '20%', 'explanation': 'Model confidence too low — requires manual advisor review.'}",options
What might happen after this? The Supreme Court just boosted Trump’s business agenda — and these stock-market sectors. Here’s how to play it.. Details: U.S. Supreme Court ruling supports industry deregulation — and the stock market hasn’t yet priced this in.,"{'type': 'default strategy', 'description': 'Fallback plan', 'risk_level': 'unknown', 'suggested_allocation': '20%', 'explanation': 'Model confidence too low — requires manual advisor review.'}",options
"What might happen after this? ‘My whole financial world is upside down’: I’m ‘medically retired’ at 51 with $428,000 in stocks. Is this enough to live on?. Details: “We don’t know where we will retire. It could be South Carolina, Georgia, Alabama, Mississippi or Texas.”","{'type': 'default strategy', 'description': 'Fallback plan', 'risk_level': 'unknown', 'suggested_allocation': '20%', 'explanation': 'Model confidence too low — requires manual advisor review.'}",options
"I believe Is Palantir Stock a Buy Now?. Summary: <p><strong>Palantir Technologies</strong> <span class=""ticker"">(NASDAQ: PLTR)</span> has emerged as one of the most important companies in the <a href=""https://www.fool.com/investing/stock-market/mark","{'type': 'buy stock', 'description': 'Buy SPY shares', 'risk_level': 'low', 'suggested_allocation': '20%', 'explanation': 'Long-term bullish strategy with ownership and growth exposure.'}",options
News just broke: The Smartest High-Yield Dividend ETF to Buy With $100 Right Now — <p></p><p>Dividend investors have to take a lot of different factors into consideration when buying individual stocks. Those factors don't go away just because you are buying a dividend-focused exchan,"{'type': 'buy stock', 'description': 'Buy TLT shares', 'risk_level': 'low', 'suggested_allocation': '20%', 'explanation': 'Long-term bullish strategy with ownership and growth exposure.'}",bond
"I believe These Artificial Intelligence (AI) Stocks Are Quietly Outperforming the Market. Summary: <p>Artificial intelligence (AI) has dominated the stock market since the launch of ChatGPT in late 2022. At that time, the <strong>S&amp;P 500 </strong>was in a bear market following the post-pandemic","{'type': 'iron condor', 'description': 'Sell call + put spreads (same expiry)', 'risk_level': 'medium', 'suggested_allocation': '15%', 'explanation': 'Best for neutral outlook — profit if price stays in a defined range.'}",options
"I believe Could Lululemon Be a Millionaire-Maker Stock?. Summary: <p>The world of apparel is ever changing. <strong>Lululemon Athletica</strong> <span class=""ticker"">(NASDAQ: LULU)</span> is feeling the brunt of a recent consumer change, as shoppers flock to competi","{'type': 'buy stock', 'description': 'Buy SPY shares', 'risk_level': 'low', 'suggested_allocation': '20%', 'explanation': 'Long-term bullish strategy with ownership and growth exposure.'}",options
"News just broke: Stock Split Watch: Is CrowdStrike Next? — <p>Last year was a big one for stock splits, with some of the market's most exciting companies, from <strong>Nvidia </strong>to <strong>Broadcom</strong> and <strong>Chipotle Mexican Grill</strong>, t","{'type': 'buy stock', 'description': 'Buy DIA shares', 'risk_level': 'low', 'suggested_allocation': '20%', 'explanation': 'Long-term bullish strategy with ownership and growth exposure.'}",options
"What might happen after this? Musk shreds Trump's tax bill as 'DEBT SLAVERY,' vows to unseat Republicans who back it. Details: Musk's latest tirade came as the voting is underway in the Senate on dozens of amendments to the massive Trump-backed tax bill.","{'type': 'default strategy', 'description': 'Fallback plan', 'risk_level': 'unknown', 'suggested_allocation': '20%', 'explanation': 'Model confidence too low — requires manual advisor review.'}",options
"News just broke: Trump rips AT&T service weeks after Trump Mobile licensing deal announced — President Donald Trump criticized AT&amp;T two weeks after the Trump Organization announced a wireless mobile licensing deal, Trump Mobile.","{'type': 'long put', 'description': 'Buy SPY 586p / Sell SPY 525p', 'risk_level': 'high', 'suggested_allocation': '10%', 'explanation': 'Speculative bearish trade with large profit potential on sharp drops.'}",options
"Should I trade based on this? Mark Zuckerberg announces creation of Meta Superintelligence Labs. Read the memo. Context: Mark Zuckerberg said his company is creating Meta Superintelligence Labs, which will be led by some recent hires.","{'type': 'buy stock', 'description': 'Buy META shares', 'risk_level': 'low', 'suggested_allocation': '20%', 'explanation': 'Long-term bullish strategy with ownership and growth exposure.'}",options
"I believe As nations build 'sovereign AI,' open-source models and cloud computing can help, experts say. Summary: Panelists at CNBC’s East Tech West 2025 in Thailand discussed how emerging nations can begin to build their own “sovereign AI.""","{'type': 'long put', 'description': 'Buy SPY 586p / Sell SPY 525p', 'risk_level': 'high', 'suggested_allocation': '10%', 'explanation': 'Speculative bearish trade with large profit potential on sharp drops.'}",options
"Should I trade based on this? China's June factory activity unexpectedly expands, private survey shows. Context: The private survey appeared to diverge from the country's official PMI report, which showed manufacturing activity contracted for a third straight month in June.","{'type': 'straddle', 'description': 'Buy call and put at same strike/expiry', 'risk_level': 'high', 'suggested_allocation': '10%', 'explanation': 'Profit from volatility in either direction — useful before earnings or news.'}",options
"What might happen after this? Goldman’s stock surges to another record, as the ‘big winner’ of Fed’s stress tests. Details: Bank stocks have outperformed the broad market with Goldman Sachs up 23% and JPMorgan Chase up 22% in the first half of 2025.","{'type': 'default strategy', 'description': 'Fallback plan', 'risk_level': 'unknown', 'suggested_allocation': '20%', 'explanation': 'Model confidence too low — requires manual advisor review.'}",options
"Should I trade based on this? ‘Almost everybody’ in the U.S. has a pair of clogs. BofA analysts say there’s still a lot to like about Crocs.. Context: ‘We think Western Europe, China and India will continue to be the key growth drivers’ for Crocs, the analysts said.","{'type': 'long put', 'description': 'Buy DIA 418p / Sell DIA 374p', 'risk_level': 'high', 'suggested_allocation': '10%', 'explanation': 'Speculative bearish trade with large profit potential on sharp drops.'}",options
"I believe Would you apply for a job with a 9-step hiring process — including take-home tests and case studies?. Summary: These days, many businesses are turning hiring into a hoop-jumping affair. But does that really find the best candidate?","{'type': 'bull call spread', 'description': 'Buy SPY 648c / Sell SPY 710c', 'risk_level': 'high', 'suggested_allocation': '10%', 'explanation': 'Limited-risk bullish strategy with a defined reward range.'}",options
News just broke: The Supreme Court just boosted Trump’s business agenda — and these stock-market sectors. Here’s how to play it. — U.S. Supreme Court ruling supports industry deregulation — and the stock market hasn’t yet priced this in.,"{'type': 'buy stock', 'description': 'Buy SPY shares', 'risk_level': 'low', 'suggested_allocation': '20%', 'explanation': 'Long-term bullish strategy with ownership and growth exposure.'}",options
"Should I trade based on this? ‘My whole financial world is upside down’: I’m ‘medically retired’ at 51 with $428,000 in stocks. Is this enough to live on?. Context: “We don’t know where we will retire. It could be South Carolina, Georgia, Alabama, Mississippi or Texas.”","{'type': 'long put', 'description': 'Buy SPY 586p / Sell SPY 525p', 'risk_level': 'high', 'suggested_allocation': '10%', 'explanation': 'Speculative bearish trade with large profit potential on sharp drops.'}",options
"News just broke: Should You Buy Ford While It's Below $10? — <p><strong><span>Ford Motor Company</span></strong><span> <span class=""ticker"">(NYSE: F)</span> just reported financial results for the three-month period that ended Dec. 31. Revenue rose 5% to $48.2 ","{'type': 'straddle', 'description': 'Buy call and put at same strike/expiry', 'risk_level': 'high', 'suggested_allocation': '10%', 'explanation': 'Profit from volatility in either direction — useful before earnings or news.'}",options
"What might happen after this? Why Uber Stock Popped on Tuesday. Details: The company is the best internet choice on the market these days, according to one pundit.","{'type': 'default strategy', 'description': 'Fallback plan', 'risk_level': 'unknown', 'suggested_allocation': '20%', 'explanation': 'Model confidence too low — requires manual advisor review.'}",options
I believe Why Walmart Stock Was a Winner Today. Summary: A pair of very positive analyst takes juices the company's stock ahead of its big annual investor event.,"{'type': 'iron condor', 'description': 'Sell call + put spreads (same expiry)', 'risk_level': 'medium', 'suggested_allocation': '15%', 'explanation': 'Best for neutral outlook — profit if price stays in a defined range.'}",options
"Should I trade based on this? Waze Co-Founder Uri Levine on Entrepreneurship, Autonomous Vehicles, and ChatGPT. Context: ""At the end of the day, building a start-up is a journey. It's a complex journey, and it's a long one.""","{'type': 'buy stock', 'description': 'Buy SPY shares', 'risk_level': 'low', 'suggested_allocation': '20%', 'explanation': 'Long-term bullish strategy with ownership and growth exposure.'}",options
What might happen after this? How Sprout Social Is Using AI. Details: Sprout Social is exploring artificial intelligence.,"{'type': 'default strategy', 'description': 'Fallback plan', 'risk_level': 'unknown', 'suggested_allocation': '20%', 'explanation': 'Model confidence too low — requires manual advisor review.'}",options
"Should I trade based on this? Musk shreds Trump's tax bill as 'DEBT SLAVERY,' vows to unseat Republicans who back it. Context: Musk's latest tirade came as the voting is underway in the Senate on dozens of amendments to the massive Trump-backed tax bill.","{'type': 'long put', 'description': 'Buy SPY 586p / Sell SPY 525p', 'risk_level': 'high', 'suggested_allocation': '10%', 'explanation': 'Speculative bearish trade with large profit potential on sharp drops.'}",options
"News just broke: Trump rips AT&T service weeks after Trump Mobile licensing deal announced — President Donald Trump criticized AT&amp;T two weeks after the Trump Organization announced a wireless mobile licensing deal, Trump Mobile.","{'type': 'long put', 'description': 'Buy SPY 586p / Sell SPY 525p', 'risk_level': 'high', 'suggested_allocation': '10%', 'explanation': 'Speculative bearish trade with large profit potential on sharp drops.'}",options
"Should I trade based on this? Mark Zuckerberg announces creation of Meta Superintelligence Labs. Read the memo. Context: Mark Zuckerberg said his company is creating Meta Superintelligence Labs, which will be led by some recent hires.","{'type': 'buy stock', 'description': 'Buy META shares', 'risk_level': 'low', 'suggested_allocation': '20%', 'explanation': 'Long-term bullish strategy with ownership and growth exposure.'}",options
"What might happen after this? As nations build 'sovereign AI,' open-source models and cloud computing can help, experts say. Details: Panelists at CNBC’s East Tech West 2025 in Thailand discussed how emerging nations can begin to build their own “sovereign AI.""","{'type': 'default strategy', 'description': 'Fallback plan', 'risk_level': 'unknown', 'suggested_allocation': '20%', 'explanation': 'Model confidence too low — requires manual advisor review.'}",options
"Should I trade based on this? China's June factory activity unexpectedly expands, private survey shows. Context: The private survey appeared to diverge from the country's official PMI report, which showed manufacturing activity contracted for a third straight month in June.","{'type': 'straddle', 'description': 'Buy call and put at same strike/expiry', 'risk_level': 'high', 'suggested_allocation': '10%', 'explanation': 'Profit from volatility in either direction — useful before earnings or news.'}",options
"News just broke: Goldman’s stock surges to another record, as the ‘big winner’ of Fed’s stress tests — Bank stocks have outperformed the broad market with Goldman Sachs up 23% and JPMorgan Chase up 22% in the first half of 2025.","{'type': 'buy stock', 'description': 'Buy SPY shares', 'risk_level': 'low', 'suggested_allocation': '20%', 'explanation': 'Long-term bullish strategy with ownership and growth exposure.'}",options
"I believe ‘Almost everybody’ in the U.S. has a pair of clogs. BofA analysts say there’s still a lot to like about Crocs.. Summary: ‘We think Western Europe, China and India will continue to be the key growth drivers’ for Crocs, the analysts said.","{'type': 'long put', 'description': 'Buy DIA 418p / Sell DIA 374p', 'risk_level': 'high', 'suggested_allocation': '10%', 'explanation': 'Speculative bearish trade with large profit potential on sharp drops.'}",options
"News just broke: Would you apply for a job with a 9-step hiring process — including take-home tests and case studies? — These days, many businesses are turning hiring into a hoop-jumping affair. But does that really find the best candidate?","{'type': 'bull call spread', 'description': 'Buy SPY 648c / Sell SPY 710c', 'risk_level': 'high', 'suggested_allocation': '10%', 'explanation': 'Limited-risk bullish strategy with a defined reward range.'}",options
I believe The Supreme Court just boosted Trump’s business agenda — and these stock-market sectors. Here’s how to play it.. Summary: U.S. Supreme Court ruling supports industry deregulation — and the stock market hasn’t yet priced this in.,"{'type': 'buy stock', 'description': 'Buy SPY shares', 'risk_level': 'low', 'suggested_allocation': '20%', 'explanation': 'Long-term bullish strategy with ownership and growth exposure.'}",options
"What might happen after this? ‘My whole financial world is upside down’: I’m ‘medically retired’ at 51 with $428,000 in stocks. Is this enough to live on?. Details: “We don’t know where we will retire. It could be South Carolina, Georgia, Alabama, Mississippi or Texas.”","{'type': 'default strategy', 'description': 'Fallback plan', 'risk_level': 'unknown', 'suggested_allocation': '20%', 'explanation': 'Model confidence too low — requires manual advisor review.'}",options
"News just broke: Is Palantir Stock a Buy Now? — <p><strong>Palantir Technologies</strong> <span class=""ticker"">(NASDAQ: PLTR)</span> has emerged as one of the most important companies in the <a href=""https://www.fool.com/investing/stock-market/mark","{'type': 'buy stock', 'description': 'Buy SPY shares', 'risk_level': 'low', 'suggested_allocation': '20%', 'explanation': 'Long-term bullish strategy with ownership and growth exposure.'}",options
What might happen after this? The Smartest High-Yield Dividend ETF to Buy With $100 Right Now. Details: <p></p><p>Dividend investors have to take a lot of different factors into consideration when buying individual stocks. Those factors don't go away just because you are buying a dividend-focused exchan,"{'type': 'default strategy', 'description': 'Fallback plan', 'risk_level': 'unknown', 'suggested_allocation': '20%', 'explanation': 'Model confidence too low — requires manual advisor review.'}",bond
"What might happen after this? These Artificial Intelligence (AI) Stocks Are Quietly Outperforming the Market. Details: <p>Artificial intelligence (AI) has dominated the stock market since the launch of ChatGPT in late 2022. At that time, the <strong>S&amp;P 500 </strong>was in a bear market following the post-pandemic","{'type': 'default strategy', 'description': 'Fallback plan', 'risk_level': 'unknown', 'suggested_allocation': '20%', 'explanation': 'Model confidence too low — requires manual advisor review.'}",options
"What might happen after this? Could Lululemon Be a Millionaire-Maker Stock?. Details: <p>The world of apparel is ever changing. <strong>Lululemon Athletica</strong> <span class=""ticker"">(NASDAQ: LULU)</span> is feeling the brunt of a recent consumer change, as shoppers flock to competi","{'type': 'default strategy', 'description': 'Fallback plan', 'risk_level': 'unknown', 'suggested_allocation': '20%', 'explanation': 'Model confidence too low — requires manual advisor review.'}",options
"I believe Stock Split Watch: Is CrowdStrike Next?. Summary: <p>Last year was a big one for stock splits, with some of the market's most exciting companies, from <strong>Nvidia </strong>to <strong>Broadcom</strong> and <strong>Chipotle Mexican Grill</strong>, t","{'type': 'buy stock', 'description': 'Buy DIA shares', 'risk_level': 'low', 'suggested_allocation': '20%', 'explanation': 'Long-term bullish strategy with ownership and growth exposure.'}",options
I believe What the Senate Republican tax-and-spending bill means for your money. Summary: Senate Republicans have approved their version of President Donald Trump’s “big beautiful” bill. Here’s what the provisions could mean for your money.,default strategy,options
What might happen after this? Jeff Bezos sells $737 million worth of Amazon shares. Details: The sale is part of a prearranged trading plan that will let Amazon founder Jeff Bezos sell up to 25 million shares through May 2026.,default strategy,options
I believe GOP Sen. Murkowski cast crucial vote for Trump's megabill after getting key carveout. Summary: Alaska Sen. Lisa Murkowski's vote for Trump's megabill gave Republicans the 50 votes they needed for Vice President JD Vance a cast the tiebreaker and pass it.,long put,options
"I believe Clean energy stocks jump after tax on solar and wind projects is removed from Trump's big bill. Summary: The tax was ultimately struck from the final version of the bill, a modest win for an industry that is under attack from the Trump administration.",long put,options
News just broke: House Republicans don't have the votes yet to pass Trump's megabill — It's unclear how many House Republicans are firm no's and how many are wavering. But Speaker Mike Johnson does not have a lot of wiggle room.,long put,options
"I believe Here’s what’s worth streaming in July 2025 on Netflix, Hulu, Max, Disney+ and more. Summary: Netflix’s ‘Happy Gilmore 2,’ Hulu’s ‘It’s Always Sunny,’ Paramount’s ‘Star Trek: Strange New Worlds’ and Max’s streaming debut of ‘Sinners’ are the highlights of a slow month",long put,options
"Should I trade based on this? My job is offering me a payout. Should I take a $61,000 lump sum — or $355 a month for life?. Context: “My S&amp;P 500 investments have roughly doubled every seven years.”",long put,options
"I believe Here’s AI’s next explosive frontier for investors, according to BlackRock. Summary: Software stocks look compelling as companies make it easier for consumers and businesses to take advantage of AI.",iron condor,options
"News just broke: Figma files for an IPO. What investors should know about the Adobe design rival. — Less than two years after agreeing with Adobe to call off plans for a megadeal, Figma has filed IPO paperwork and could embrace Wall Street in its own right.",long put,options
Should I trade based on this? ‘Finance makes me break out in hives’: I inherited $240K from my parents. Do I pay off my $258K mortgage and give up my job?. Context: “I inherited $240K. Do I pay off my $258K mortgage and downsize my house and job?”,long put,options
"What might happen after this? Why Stanley Black & Decker Stock Trounced the Market on Tuesday. Details: <p>The latest executive hire by <strong>Stanley Black &amp; Decker</strong> <span class=""ticker"">(NYSE: SWK)</span> continued to be well received on Tuesday, a day after it was announced. This was bol",default strategy,options
"Should I trade based on this? Palantir Sank Today -- Is the Stock a Buy?. Context: <p><strong>Palantir Technologies</strong> <span class=""ticker"">(NASDAQ: PLTR)</span> stock took a step back in Tuesday amid broader sell-offs for the tech sector. The artificial intelligence (<a href=",buy stock,options
"What might happen after this? Why Home Depot Stock Edged Higher on Tuesday. Details: <p>On Tuesday, investors continued to digest Monday's news from <strong>Home Depot</strong> <span class=""ticker"">(NYSE: HD)</span> that it had made a fresh acquisition. Meanwhile, several analysts fel",default strategy,options
"News just broke: Why Nike Stock Raced Ahead Today — <p>Athletic <a href=""https://www.fool.com/investing/stock-market/market-sectors/consumer-discretionary/apparel-stocks/"">apparel</a> and footwear star <strong>Nike</strong> <span class=""ticker"">(NYSE: ",buy stock for income,options
"Should I trade based on this? Why AstraZeneca Stock Topped the Market on Tuesday. Context: <p>Trading in <strong>AstraZeneca</strong>'s <span class=""ticker"">(NASDAQ: AZN)</span> American Depositary Shares (ADSes) was lively on Tuesday, on news that its leadership intends to directly list it",long put,options
Should I trade based on this? What the Senate Republican tax-and-spending bill means for your money. Context: Senate Republicans have approved their version of President Donald Trump’s “big beautiful” bill. Here’s what the provisions could mean for your money.,default strategy,options
News just broke: Jeff Bezos sells $737 million worth of Amazon shares — The sale is part of a prearranged trading plan that will let Amazon founder Jeff Bezos sell up to 25 million shares through May 2026.,long put,options
I believe GOP Sen. Murkowski cast crucial vote for Trump's megabill after getting key carveout. Summary: Alaska Sen. Lisa Murkowski's vote for Trump's megabill gave Republicans the 50 votes they needed for Vice President JD Vance a cast the tiebreaker and pass it.,long put,options
"Should I trade based on this? Clean energy stocks jump after tax on solar and wind projects is removed from Trump's big bill. Context: The tax was ultimately struck from the final version of the bill, a modest win for an industry that is under attack from the Trump administration.",default strategy,options
News just broke: House Republicans don't have the votes yet to pass Trump's megabill — It's unclear how many House Republicans are firm no's and how many are wavering. But Speaker Mike Johnson does not have a lot of wiggle room.,long put,options
"News just broke: Here’s what’s worth streaming in July 2025 on Netflix, Hulu, Max, Disney+ and more — Netflix’s ‘Happy Gilmore 2,’ Hulu’s ‘It’s Always Sunny,’ Paramount’s ‘Star Trek: Strange New Worlds’ and Max’s streaming debut of ‘Sinners’ are the highlights of a slow month",long put,options
"I believe My job is offering me a payout. Should I take a $61,000 lump sum — or $355 a month for life?. Summary: “My S&amp;P 500 investments have roughly doubled every seven years.”",long put,options
"News just broke: Here’s AI’s next explosive frontier for investors, according to BlackRock — Software stocks look compelling as companies make it easier for consumers and businesses to take advantage of AI.",long put,options
"What might happen after this? Figma files for an IPO. What investors should know about the Adobe design rival.. Details: Less than two years after agreeing with Adobe to call off plans for a megadeal, Figma has filed IPO paperwork and could embrace Wall Street in its own right.",default strategy,options
Should I trade based on this? ‘Finance makes me break out in hives’: I inherited $240K from my parents. Do I pay off my $258K mortgage and give up my job?. Context: “I inherited $240K. Do I pay off my $258K mortgage and downsize my house and job?”,long put,options
"News just broke: Tesla Sank Today -- Is the Stock a Buy Right Now? — <p><strong>Tesla</strong> <span class=""ticker"">(NASDAQ: TSLA)</span> stock got hit with a substantial valuation pullback in Tuesday's trading. The electric vehicle (EV) leader's share price ended the ",buy stock,options
"I believe Gilead Sciences: A Mixed Bag of Opportunities and Risks. Summary: <p>Explore the exciting world of <strong>Gilead Sciences</strong> <span class=""ticker"">(NASDAQ: GILD)</span> with our expert analysts in this Motley Fool Scoreboard episode. Check out the video below ",long put,options
"What might happen after this? Why Amgen Stock Popped by 4% Today. Details: <p>Following quite encouraging news from the laboratory on Monday, <strong>Amgen</strong> <span class=""ticker"">(NASDAQ: AMGN)</span> was something of a stock market favorite the following day. Its sha",default strategy,options
"Should I trade based on this? Why Stanley Black & Decker Stock Trounced the Market on Tuesday. Context: <p>The latest executive hire by <strong>Stanley Black &amp; Decker</strong> <span class=""ticker"">(NYSE: SWK)</span> continued to be well received on Tuesday, a day after it was announced. This was bol",default strategy,options
"Should I trade based on this? Palantir Sank Today -- Is the Stock a Buy?. Context: <p><strong>Palantir Technologies</strong> <span class=""ticker"">(NASDAQ: PLTR)</span> stock took a step back in Tuesday amid broader sell-offs for the tech sector. The artificial intelligence (<a href=",buy stock,options
I believe What the Senate Republican tax-and-spending bill means for your money. Summary: Senate Republicans have approved their version of President Donald Trump’s “big beautiful” bill. Here’s what the provisions could mean for your money.,default strategy,options
Should I trade based on this? Jeff Bezos sells $737 million worth of Amazon shares. Context: The sale is part of a prearranged trading plan that will let Amazon founder Jeff Bezos sell up to 25 million shares through May 2026.,long put,options
News just broke: GOP Sen. Murkowski cast crucial vote for Trump's megabill after getting key carveout — Alaska Sen. Lisa Murkowski's vote for Trump's megabill gave Republicans the 50 votes they needed for Vice President JD Vance a cast the tiebreaker and pass it.,long put,options
"I believe Clean energy stocks jump after tax on solar and wind projects is removed from Trump's big bill. Summary: The tax was ultimately struck from the final version of the bill, a modest win for an industry that is under attack from the Trump administration.",long put,options
I believe House Republicans don't have the votes yet to pass Trump's megabill. Summary: It's unclear how many House Republicans are firm no's and how many are wavering. But Speaker Mike Johnson does not have a lot of wiggle room.,long put,options
"News just broke: Here’s what’s worth streaming in July 2025 on Netflix, Hulu, Max, Disney+ and more — Netflix’s ‘Happy Gilmore 2,’ Hulu’s ‘It’s Always Sunny,’ Paramount’s ‘Star Trek: Strange New Worlds’ and Max’s streaming debut of ‘Sinners’ are the highlights of a slow month",long put,options
"News just broke: My job is offering me a payout. Should I take a $61,000 lump sum — or $355 a month for life? — “My S&amp;P 500 investments have roughly doubled every seven years.”",long put,options
"What might happen after this? Here’s AI’s next explosive frontier for investors, according to BlackRock. Details: Software stocks look compelling as companies make it easier for consumers and businesses to take advantage of AI.",default strategy,options
"I believe Figma files for an IPO. What investors should know about the Adobe design rival.. Summary: Less than two years after agreeing with Adobe to call off plans for a megadeal, Figma has filed IPO paperwork and could embrace Wall Street in its own right.",long put,options
News just broke: ‘Finance makes me break out in hives’: I inherited $240K from my parents. Do I pay off my $258K mortgage and give up my job? — “I inherited $240K. Do I pay off my $258K mortgage and downsize my house and job?”,long put,options
"Should I trade based on this? Tesla Sank Today -- Is the Stock a Buy Right Now?. Context: <p><strong>Tesla</strong> <span class=""ticker"">(NASDAQ: TSLA)</span> stock got hit with a substantial valuation pullback in Tuesday's trading. The electric vehicle (EV) leader's share price ended the ",buy stock,options
"I believe Gilead Sciences: A Mixed Bag of Opportunities and Risks. Summary: <p>Explore the exciting world of <strong>Gilead Sciences</strong> <span class=""ticker"">(NASDAQ: GILD)</span> with our expert analysts in this Motley Fool Scoreboard episode. Check out the video below ",long put,options
"What might happen after this? Why Amgen Stock Popped by 4% Today. Details: <p>Following quite encouraging news from the laboratory on Monday, <strong>Amgen</strong> <span class=""ticker"">(NASDAQ: AMGN)</span> was something of a stock market favorite the following day. Its sha",default strategy,options
"What might happen after this? Why Stanley Black & Decker Stock Trounced the Market on Tuesday. Details: <p>The latest executive hire by <strong>Stanley Black &amp; Decker</strong> <span class=""ticker"">(NYSE: SWK)</span> continued to be well received on Tuesday, a day after it was announced. This was bol",default strategy,options
"News just broke: Palantir Sank Today -- Is the Stock a Buy? — <p><strong>Palantir Technologies</strong> <span class=""ticker"">(NASDAQ: PLTR)</span> stock took a step back in Tuesday amid broader sell-offs for the tech sector. The artificial intelligence (<a href=",default strategy,options
What might happen after this? What the Senate Republican tax-and-spending bill means for your money. Details: Senate Republicans have approved their version of President Donald Trump’s “big beautiful” bill. Here’s what the provisions could mean for your money.,default strategy,options
I believe Jeff Bezos sells $737 million worth of Amazon shares. Summary: The sale is part of a prearranged trading plan that will let Amazon founder Jeff Bezos sell up to 25 million shares through May 2026.,long put,options
Should I trade based on this? GOP Sen. Murkowski cast crucial vote for Trump's megabill after getting key carveout. Context: Alaska Sen. Lisa Murkowski's vote for Trump's megabill gave Republicans the 50 votes they needed for Vice President JD Vance a cast the tiebreaker and pass it.,default strategy,options
"What might happen after this? Clean energy stocks jump after tax on solar and wind projects is removed from Trump's big bill. Details: The tax was ultimately struck from the final version of the bill, a modest win for an industry that is under attack from the Trump administration.",default strategy,options
What might happen after this? House Republicans don't have the votes yet to pass Trump's megabill. Details: It's unclear how many House Republicans are firm no's and how many are wavering. But Speaker Mike Johnson does not have a lot of wiggle room.,default strategy,options
"I believe An upgrade for Apple’s stock? It’s not the endorsement you might think.. Summary: An Jefferies analyst thinks Apple’s stock could see ‘stable’ performance, but he voices concerns about tariffs and future sales in his latest upgrade to a hold rating.",buy stock,options
I believe Women are about to be tremendously wealthy. So why is it so hard to find good financial help?. Summary: The financial advice industry is still chewing up and spitting out female advisers,long put,options
"Should I trade based on this? Here’s what’s worth streaming in July 2025 on Netflix, Hulu, Max, Disney+ and more. Context: Netflix’s ‘Happy Gilmore 2,’ Hulu’s ‘It’s Always Sunny,’ Paramount’s ‘Star Trek: Strange New Worlds’ and Max’s streaming debut of ‘Sinners’ are the highlights of a slow month",default strategy,options
"Should I trade based on this? My job is offering me a payout. Should I take a $61,000 lump sum — or $355 a month for life?. Context: “My S&amp;P 500 investments have roughly doubled every seven years.”",long put,options
"What might happen after this? Here’s AI’s next explosive frontier for investors, according to BlackRock. Details: Software stocks look compelling as companies make it easier for consumers and businesses to take advantage of AI.",default strategy,options
"Should I trade based on this? Tesla Sank Today -- Is the Stock a Buy Right Now?. Context: <p><strong>Tesla</strong> <span class=""ticker"">(NASDAQ: TSLA)</span> stock got hit with a substantial valuation pullback in Tuesday's trading. The electric vehicle (EV) leader's share price ended the ",buy stock,options
"I believe Gilead Sciences: A Mixed Bag of Opportunities and Risks. Summary: <p>Explore the exciting world of <strong>Gilead Sciences</strong> <span class=""ticker"">(NASDAQ: GILD)</span> with our expert analysts in this Motley Fool Scoreboard episode. Check out the video below ",long put,options
"Should I trade based on this? Why Amgen Stock Popped by 4% Today. Context: <p>Following quite encouraging news from the laboratory on Monday, <strong>Amgen</strong> <span class=""ticker"">(NASDAQ: AMGN)</span> was something of a stock market favorite the following day. Its sha",buy stock,options
"What might happen after this? Why Stanley Black & Decker Stock Trounced the Market on Tuesday. Details: <p>The latest executive hire by <strong>Stanley Black &amp; Decker</strong> <span class=""ticker"">(NYSE: SWK)</span> continued to be well received on Tuesday, a day after it was announced. This was bol",default strategy,options
"Should I trade based on this? Palantir Sank Today -- Is the Stock a Buy?. Context: <p><strong>Palantir Technologies</strong> <span class=""ticker"">(NASDAQ: PLTR)</span> stock took a step back in Tuesday amid broader sell-offs for the tech sector. The artificial intelligence (<a href=",buy stock,options
I want to build a bond ladder for income,bond ladder,bond,neutral,unspecified,moderate
I want to 2x my money on NVDA this month,Long Call,options,neutral,multiply,moderate
